Symbol,Name,LastSale,MarketCap,IPOyear,Sector,industry,Summary Quote
XXII,"22nd Century Group, Inc",1.4,$127.25M,n/a,Consumer Non-Durables,Farming/Seeds/Milling,http://www.nasdaq.com/symbol/xxii
FAX,Aberdeen Asia-Pacific Income Fund Inc,5.02,$1.27B,1986,n/a,n/a,http://www.nasdaq.com/symbol/fax
IAF,Aberdeen Australia Equity Fund Inc,6.12,$139.18M,n/a,n/a,n/a,http://www.nasdaq.com/symbol/iaf
CH,"Aberdeen Chile Fund, Inc.",7.095,$66.39M,n/a,n/a,n/a,http://www.nasdaq.com/symbol/ch
ABE           ,Aberdeen Emerging Markets Smaller Company Opportunities Fund I,13.9482,$134.52M,n/a,n/a,n/a,http://www.nasdaq.com/symbol/abe
FCO,"Aberdeen Global Income Fund, Inc.",8.7613,$76.61M,1992,n/a,n/a,http://www.nasdaq.com/symbol/fco
IF,"Aberdeen Indonesia Fund, Inc.",7.42,$69.04M,1990,n/a,n/a,http://www.nasdaq.com/symbol/if
ISL,"Aberdeen Israel Fund, Inc.",18.94,$75.72M,1992,n/a,n/a,http://www.nasdaq.com/symbol/isl
ACU,Acme United Corporation.,28.5753,$95.86M,1988,Capital Goods,Industrial Machinery/Components,http://www.nasdaq.com/symbol/acu
AIII,"ACRE Realty Investors, Inc.",1.1593,$23.76M,n/a,Consumer Services,Real Estate Investment Trusts,http://www.nasdaq.com/symbol/aiii
ATNM,"Actinium Pharmaceuticals, Inc.",1.49,$87.09M,n/a,Health Care,Major Pharmaceuticals,http://www.nasdaq.com/symbol/atnm
AE,"Adams Resources & Energy, Inc.",41.67,$175.75M,n/a,Energy,Oil Refining/Marketing,http://www.nasdaq.com/symbol/ae
ADK,Adcare Health Systems Inc,1,$19.81M,n/a,Health Care,Hospital/Nursing Management,http://www.nasdaq.com/symbol/adk
ADK^A,Adcare Health Systems Inc,22.09,n/a,n/a,n/a,n/a,http://www.nasdaq.com/symbol/adk^a
ACY,AeroCentury Corp.,10.35,$14.66M,n/a,Technology,Diversified Commercial Services,http://www.nasdaq.com/symbol/acy
AIRI,Air Industries Group,2.17,$16.6M,n/a,Capital Goods,Military/Government/Technical,http://www.nasdaq.com/symbol/airi
AXU,Alexco Resource Corp,1.28,$129.48M,n/a,Basic Industries,Precious Metals,http://www.nasdaq.com/symbol/axu
ALO,Alio Gold Inc.,4.81,$171.06M,2011,n/a,n/a,http://www.nasdaq.com/symbol/alo
AAU,"Almaden Minerals, Ltd.",1.38,$124.27M,2015,Basic Industries,Precious Metals,http://www.nasdaq.com/symbol/aau
APT,"Alpha Pro Tech, Ltd.",2.9,$43.64M,n/a,Health Care,Industrial Specialties,http://www.nasdaq.com/symbol/apt
AAMC,Altisource Asset Management Corp,92,$143.01M,n/a,Finance,Real Estate,http://www.nasdaq.com/symbol/aamc
DIT,AMCON Distributing Company,102.6,$69.66M,n/a,Consumer Non-Durables,Food Distributors,http://www.nasdaq.com/symbol/dit
ALN,American Lorain Corporation,0.44,$16.84M,n/a,Consumer Non-Durables,Packaged Foods,http://www.nasdaq.com/symbol/aln
AMS,American Shared Hospital Services,4,$22.83M,n/a,Health Care,Medical Specialities,http://www.nasdaq.com/symbol/ams
USAS,Americas Silver Corporation,2.9201,$116.13M,2017,Basic Industries,Precious Metals,http://www.nasdaq.com/symbol/usas
AMPE,"Ampio Pharmaceuticals, Inc.",0.6091,$34.87M,n/a,Health Care,Major Pharmaceuticals,http://www.nasdaq.com/symbol/ampe
APHB,AmpliPhi Biosciences Corporation,0.766,$5.08M,n/a,Health Care,Biotechnology: Biological Products (No Diagnostic Substances),http://www.nasdaq.com/symbol/aphb
AXN,"Aoxing Pharmaceutical Company, Inc.",0.36,$27.44M,n/a,Health Care,Major Pharmaceuticals,http://www.nasdaq.com/symbol/axn
ARNC^,Arconic Inc.,91,n/a,n/a,n/a,n/a,http://www.nasdaq.com/symbol/arnc^
AKG,Asanko Gold Inc.,1.56,$317.11M,n/a,Basic Industries,Mining & Quarrying of Nonmetallic Minerals (No Fuels),http://www.nasdaq.com/symbol/akg
AINC,Ashford Inc.,52,$104.89M,2014,Consumer Services,Professional Services,http://www.nasdaq.com/symbol/ainc
ASB.WS,Associated Banc-Corp,n/a,n/a,n/a,n/a,n/a,http://www.nasdaq.com/symbol/asb.ws
AST,"Asterias Biotherapeutics, Inc.",3.3,$162.57M,n/a,Health Care,Biotechnology: Biological Products (No Diagnostic Substances),http://www.nasdaq.com/symbol/ast
AST.WS,"Asterias Biotherapeutics, Inc.",n/a,n/a,n/a,n/a,n/a,http://www.nasdaq.com/symbol/ast.ws
AUXO,"Auxilio, Inc.",4.79,$44.97M,2017,Miscellaneous,Business Services,http://www.nasdaq.com/symbol/auxo
AWX,Avalon Holdings Corporation,2.65,$10.08M,n/a,Public Utilities,Environmental Services,http://www.nasdaq.com/symbol/awx
ASM,Avino Silver,1.51,$79.19M,n/a,Basic Industries,Precious Metals,http://www.nasdaq.com/symbol/asm
BTG,B2Gold Corp,2.51,$2.44B,n/a,Basic Industries,Precious Metals,http://www.nasdaq.com/symbol/btg
BTN,"Ballantyne Strong, Inc",6.7,$95.49M,n/a,Miscellaneous,Industrial Machinery/Components,http://www.nasdaq.com/symbol/btn
BKJ,"Bancorp of New Jersey, Inc",16.5,$104.9M,n/a,Finance,Major Banks,http://www.nasdaq.com/symbol/bkj
BCV,Bancroft Fund Limited,21.65,$112.14M,n/a,n/a,n/a,http://www.nasdaq.com/symbol/bcv
BCV^A,Bancroft Fund Limited,25.4646,n/a,n/a,n/a,n/a,http://www.nasdaq.com/symbol/bcv^a
BAA,BANRO CORPORATION,0.68,$74.64M,n/a,Basic Industries,Precious Metals,http://www.nasdaq.com/symbol/baa
BHB,"Bar Harbor Bankshares, Inc.",30.01,$461.88M,n/a,Finance,Major Banks,http://www.nasdaq.com/symbol/bhb
BRN,"Barnwell Industries, Inc.",1.8999,$15.73M,n/a,Energy,Oil & Gas Production,http://www.nasdaq.com/symbol/brn
BGSF,BG Staffing Inc,17.02,$148.75M,n/a,Technology,Professional Services,http://www.nasdaq.com/symbol/bgsf
BPMX,BioPharmX Corporation,0.5549,$41.13M,2015,Health Care,Major Pharmaceuticals,http://www.nasdaq.com/symbol/bpmx
BTX,"BioTime, Inc.",3.21,$355.91M,n/a,Health Care,Biotechnology: Biological Products (No Diagnostic Substances),http://www.nasdaq.com/symbol/btx
BTX.WS,"BioTime, Inc.",n/a,n/a,n/a,n/a,n/a,http://www.nasdaq.com/symbol/btx.ws
BGI,Birks Group Inc.,1.4325,$25.73M,n/a,Consumer Services,Consumer Specialties,http://www.nasdaq.com/symbol/bgi
BZM,BlackRock Maryland Municipal Bond Trust,15.14,$31.48M,2002,n/a,n/a,http://www.nasdaq.com/symbol/bzm
MHE,BlackRock Massachusetts Tax-Exempt Trust,14.1994,$33.61M,1993,n/a,n/a,http://www.nasdaq.com/symbol/mhe
BLE,BlackRock Municipal Income Trust II,15.33,$360.26M,2002,n/a,n/a,http://www.nasdaq.com/symbol/ble
BLJ,Blackrock New Jersey Municipal Bond Trust,14.9551,$34.8M,2002,n/a,n/a,http://www.nasdaq.com/symbol/blj
BFY,BlackRock New York Municipal Income Trust II,14.953,$74.83M,2002,n/a,n/a,http://www.nasdaq.com/symbol/bfy
BHV,BlackRock Virginia Municipal Bond Trust,17.53,$28M,2002,n/a,n/a,http://www.nasdaq.com/symbol/bhv
BDR,"Blonder Tongue Laboratories, Inc.",0.514,$4.17M,n/a,Technology,Radio And Television Broadcasting And Communications Equipment,http://www.nasdaq.com/symbol/bdr
BRG,"Bluerock Residential Growth REIT, Inc.",12.74,$308.2M,2014,Consumer Services,Real Estate Investment Trusts,http://www.nasdaq.com/symbol/brg
BRG^A,"Bluerock Residential Growth REIT, Inc.",26.45,n/a,n/a,n/a,n/a,http://www.nasdaq.com/symbol/brg^a
BRG^C,"Bluerock Residential Growth REIT, Inc.",26.05,n/a,n/a,n/a,n/a,http://www.nasdaq.com/symbol/brg^c
BRG^D,"Bluerock Residential Growth REIT, Inc.",25.15,n/a,n/a,n/a,n/a,http://www.nasdaq.com/symbol/brg^d
BVX,Bovie Medical Corporation,2.18,$67.27M,n/a,Health Care,Medical/Dental Instruments,http://www.nasdaq.com/symbol/bvx
BWL.A,"Bowl America, Inc.",n/a,n/a,n/a,n/a,n/a,http://www.nasdaq.com/symbol/bwl.a
BTI,British American Tobacco p.l.c.,73.04,$124.29B,n/a,Consumer Non-Durables,Farming/Seeds/Milling,http://www.nasdaq.com/symbol/bti
CEI,"Camber Energy, Inc.",0.1862,$4.43M,n/a,Energy,Oil & Gas Production,http://www.nasdaq.com/symbol/cei
CANF,Can-Fite Biopharma Ltd,1.84,$30.09M,n/a,Health Care,Major Pharmaceuticals,http://www.nasdaq.com/symbol/canf
ROX,"Castle Brands, Inc.",2.08,$338.56M,2006,Consumer Non-Durables,Beverages (Production/Distribution),http://www.nasdaq.com/symbol/rox
CAW,"CCA Industries, Inc.",3.25,$22.77M,n/a,Consumer Non-Durables,Package Goods/Cosmetics,http://www.nasdaq.com/symbol/caw
CVM,Cel-Sci Corporation,0.0804,$18.48M,n/a,Health Care,Biotechnology: Biological Products (No Diagnostic Substances),http://www.nasdaq.com/symbol/cvm
CVM.WS,Cel-Sci Corporation,n/a,n/a,n/a,n/a,n/a,http://www.nasdaq.com/symbol/cvm.ws
CEF,Central Fund of Canada Limited,12.72,$3.21B,n/a,n/a,n/a,http://www.nasdaq.com/symbol/cef
CET,Central Securities Corporation,25.05,$623.29M,n/a,n/a,n/a,http://www.nasdaq.com/symbol/cet
LEU,Centrus Energy Corp.,4.96,$44.64M,2014,Basic Industries,Mining & Quarrying of Nonmetallic Minerals (No Fuels),http://www.nasdaq.com/symbol/leu
CCF,Chase Corporation,108.35,$1.01B,n/a,Consumer Durables,Building Products,http://www.nasdaq.com/symbol/ccf
CQH,"Cheniere Energy Partners LP Holdings, LLC",26.39,$6.11B,2013,Public Utilities,Oil/Gas Transmission,http://www.nasdaq.com/symbol/cqh
CQP,"Cheniere Energy Partners, LP",31.91,$10.78B,2007,Public Utilities,Oil/Gas Transmission,http://www.nasdaq.com/symbol/cqp
LNG,"Cheniere Energy, Inc.",48.7,$11.58B,n/a,Public Utilities,Oil/Gas Transmission,http://www.nasdaq.com/symbol/lng
CVR,Chicago Rivet & Machine Co.,38.8659,$37.55M,n/a,Technology,Industrial Machinery/Components,http://www.nasdaq.com/symbol/cvr
CPHI,"China Pharma Holdings, Inc.",0.22,$9.59M,n/a,Health Care,Major Pharmaceuticals,http://www.nasdaq.com/symbol/cphi
CKX,"CKX Lands, Inc.",11.95,$23.21M,n/a,Energy,Oil & Gas Production,http://www.nasdaq.com/symbol/ckx
GLV,Clough Global Dividend and Income Fund,13.7097,$142.48M,2004,n/a,n/a,http://www.nasdaq.com/symbol/glv
GLQ,Clough Global Equity Fund,12.87,$227.2M,2005,n/a,n/a,http://www.nasdaq.com/symbol/glq
GLO,Clough Global Opportunities Fund,10.52,$542.56M,2006,n/a,n/a,http://www.nasdaq.com/symbol/glo
MOC,Command Security Corporation,3.15,$31.02M,n/a,n/a,n/a,http://www.nasdaq.com/symbol/moc
CIX,CompX International Inc.,13.95,$173.25M,1998,Capital Goods,Industrial Machinery/Components,http://www.nasdaq.com/symbol/cix
LODE,"Comstock Mining, Inc.",0.15,$28.79M,n/a,Basic Industries,Precious Metals,http://www.nasdaq.com/symbol/lode
CTO,Consolidated-Tomoka Land Co.,55.07,$311.26M,n/a,Finance,Real Estate,http://www.nasdaq.com/symbol/cto
MCF,Contango Oil & Gas Company,6.05,$154.71M,n/a,Energy,Oil & Gas Production,http://www.nasdaq.com/symbol/mcf
CUO,Continental Materials Corporation,21.0047,$35.33M,n/a,Capital Goods,Building Materials,http://www.nasdaq.com/symbol/cuo
CMT,Core Molding Technologies Inc,20.9,$162.86M,n/a,Consumer Non-Durables,Plastic Products,http://www.nasdaq.com/symbol/cmt
CVRS,"Corindus Vascular Robotics, Inc.",1.29,$241.33M,2015,Health Care,Medical/Dental Instruments,http://www.nasdaq.com/symbol/cvrs
CRMD,CorMedix Inc,0.4402,$26.12M,n/a,Health Care,Major Pharmaceuticals,http://www.nasdaq.com/symbol/crmd
CRF,"Cornerstone Strategic Return Fund, Inc. (The)",16.79,$219.36M,n/a,n/a,n/a,http://www.nasdaq.com/symbol/crf
CLM,"Cornerstone Strategic Value Fund, Inc.",16.94,$486.13M,1987,n/a,n/a,http://www.nasdaq.com/symbol/clm
CVU,"CPI Aerostructures, Inc.",8.375,$73.97M,n/a,Capital Goods,Military/Government/Technical,http://www.nasdaq.com/symbol/cvu
CIK,"Credit Suisse Asset Management Income Fund, Inc.",3.33,$174.13M,n/a,n/a,n/a,http://www.nasdaq.com/symbol/cik
DHY,Credit Suisse High Yield Bond Fund,2.81,$280.99M,1998,n/a,n/a,http://www.nasdaq.com/symbol/dhy
CRHM,CRH Medical Corporation,6,$443.52M,2015,Health Care,Medical/Dental Instruments,http://www.nasdaq.com/symbol/crhm
CRVP,"Crystal Rock Holdings, Inc.",0.8564,$18.29M,n/a,Consumer Non-Durables,Food Distributors,http://www.nasdaq.com/symbol/crvp
DXR,Daxor Corporation,6.9,$26.21M,n/a,Health Care,Medical/Dental Instruments,http://www.nasdaq.com/symbol/dxr
VCF,"Delaware Investments Colorado Municipal Income Fund, Inc",14.9892,$72.5M,1993,n/a,n/a,http://www.nasdaq.com/symbol/vcf
VFL,Delaware Investments Florida Insured Municipal Income Fund,13.47,$61M,1993,n/a,n/a,http://www.nasdaq.com/symbol/vfl
VMM,"Delaware Investments Minnesota Municipal Income Fund II, Inc.",14.68,$168.89M,1993,n/a,n/a,http://www.nasdaq.com/symbol/vmm
DLA,"Delta Apparel, Inc.",19.54,$147.95M,n/a,Consumer Non-Durables,Apparel,http://www.nasdaq.com/symbol/dla
DNN,Denison Mine Corp,0.446,$249.35M,n/a,Basic Industries,Precious Metals,http://www.nasdaq.com/symbol/dnn
DGSE,"DGSE Companies, Inc.",1.63,$43.86M,n/a,Consumer Services,Consumer Specialties,http://www.nasdaq.com/symbol/dgse
DPW,Digital Power Corporation,0.47,$4.33M,n/a,Capital Goods,Industrial Machinery/Components,http://www.nasdaq.com/symbol/dpw
DSS,"Document Security Systems, Inc.",0.95,$12.97M,n/a,Consumer Durables,Containers/Packaging,http://www.nasdaq.com/symbol/dss
DMF,"Dreyfus Municipal Income, Inc.",9.11,$189M,1988,n/a,n/a,http://www.nasdaq.com/symbol/dmf
GRF,"Eagle Capital Growth Fund, Inc.",7.795,$27.98M,n/a,n/a,n/a,http://www.nasdaq.com/symbol/grf
EVM,Eaton Vance California Municipal Bond Fund,11.66,$249.46M,2002,n/a,n/a,http://www.nasdaq.com/symbol/evm
EIA,Eaton Vance California Municipal Bond Fund II,11.81,$45.9M,2002,n/a,n/a,http://www.nasdaq.com/symbol/eia
CEV,Eaton Vance California Municipal Income Trust,12.62,$91.55M,1999,n/a,n/a,http://www.nasdaq.com/symbol/cev
EVV,Eaton Vance Limited Duration Income Fund,13.99,$1.62B,2003,n/a,n/a,http://www.nasdaq.com/symbol/evv
MAB,Eaton Vance Massachusetts Municipal Bond Fund,14.05,$24.85M,2002,n/a,n/a,http://www.nasdaq.com/symbol/mab
MMV,Eaton Vance Massachusetts Municipal Income Trust,13.64,$37.33M,1999,n/a,n/a,http://www.nasdaq.com/symbol/mmv
MIW,Eaton Vance Michigan Municipal Bond Fund,13.9204,$20.88M,2002,n/a,n/a,http://www.nasdaq.com/symbol/miw
EMI,Eaton Vance Michigan Municipal Income Trust,13.29,$26.75M,1999,n/a,n/a,http://www.nasdaq.com/symbol/emi
EIM,Eaton Vance Municipal Bond Fund,12.7,$865.74M,2002,n/a,n/a,http://www.nasdaq.com/symbol/eim
EIV,Eaton Vance Municipal Bond Fund II,12.51,$125.27M,2002,n/a,n/a,http://www.nasdaq.com/symbol/eiv
EMJ,Eaton Vance New Jersey Municipal Bond Fund,13.28,$34.25M,2002,n/a,n/a,http://www.nasdaq.com/symbol/emj
EVJ,Eaton Vance New Jersey Municipal Income Trust,12.28,$56.47M,1999,n/a,n/a,http://www.nasdaq.com/symbol/evj
ENX,Eaton Vance New York Municipal Bond Fund,12.5,$195.77M,2002,n/a,n/a,http://www.nasdaq.com/symbol/enx
NYH,Eaton Vance New York Municipal Bond Fund II,11.94,$30.52M,2002,n/a,n/a,http://www.nasdaq.com/symbol/nyh
EVY,Eaton Vance New York Municipal Income Trust,13.17,$72.12M,1999,n/a,n/a,http://www.nasdaq.com/symbol/evy
EIO,Eaton Vance Ohio Municipal Bond Fund,13.17,$33.42M,2002,n/a,n/a,http://www.nasdaq.com/symbol/eio
EVO,Eaton Vance Ohio Municipal Income Trust,13.97,$39.91M,1999,n/a,n/a,http://www.nasdaq.com/symbol/evo
EIP,Eaton Vance Pennsylvania Municipal Bond Fund,13.04,$38.6M,2002,n/a,n/a,http://www.nasdaq.com/symbol/eip
EVP,Eaton Vance Pennsylvania Municipal Income Trust,12.29,$31.97M,1999,n/a,n/a,http://www.nasdaq.com/symbol/evp
ELMD,"Electromed, Inc.",4.66,$38.35M,2011,Health Care,Biotechnology: Electromedical & Electrotherapeutic Apparatus,http://www.nasdaq.com/symbol/elmd
ELLO,Ellomay Capital Ltd.,8.65,$92.36M,n/a,Public Utilities,Electric Utilities: Central,http://www.nasdaq.com/symbol/ello
ECF,Ellsworth Growth and Income Fund Ltd.,9.12,$117.74M,1986,n/a,n/a,http://www.nasdaq.com/symbol/ecf
EMAN,eMagin Corporation,2.75,$96.12M,n/a,Technology,Semiconductors,http://www.nasdaq.com/symbol/eman
MSN,Emerson Radio Corporation,1.3599,$36.81M,n/a,Consumer Non-Durables,Consumer Electronics/Appliances,http://www.nasdaq.com/symbol/msn
UUUU,Energy Fuels Inc,1.5327,$107.66M,n/a,Basic Industries,Mining & Quarrying of Nonmetallic Minerals (No Fuels),http://www.nasdaq.com/symbol/uuuu
UUUU.WS,Energy Fuels Inc,n/a,n/a,n/a,n/a,n/a,http://www.nasdaq.com/symbol/uuuu.ws
ENRJ,"EnerJex Resources, Inc.",0.28,$2.75M,n/a,Energy,Oil & Gas Production,http://www.nasdaq.com/symbol/enrj
ENSV,ENSERVCO Corporation,0.37,$18.9M,n/a,Energy,Oilfield Services/Equipment,http://www.nasdaq.com/symbol/ensv
ESNC,"EnSync, Inc.",0.54,$25.93M,n/a,Public Utilities,Electric Utilities: Central,http://www.nasdaq.com/symbol/esnc
EGI,Entree Resources Ltd.,0.4297,$74.25M,2017,Basic Industries,Precious Metals,http://www.nasdaq.com/symbol/egi
EVI,"EnviroStarm, Inc.",19.65,$203.75M,n/a,Consumer Services,Other Consumer Services,http://www.nasdaq.com/symbol/evi
ERN,Erin Energy Corp.,1.75,$373.46M,n/a,Energy,Oil & Gas Production,http://www.nasdaq.com/symbol/ern
ESP,Espey Mfg. & Electronics Corp.,23.0082,$54.56M,n/a,Capital Goods,Industrial Machinery/Components,http://www.nasdaq.com/symbol/esp
EMX,Eurasian Minerals Inc.,0.92,$73.06M,n/a,Basic Industries,Precious Metals,http://www.nasdaq.com/symbol/emx
EVBN,"Evans Bancorp, Inc.",41.5,$197.83M,n/a,Finance,Major Banks,http://www.nasdaq.com/symbol/evbn
EPM,"Evolution Petroleum Corporation, Inc.",7.45,$246.31M,n/a,Energy,Oil & Gas Production,http://www.nasdaq.com/symbol/epm
XRA,Exeter Resource Corporation,1.6,$144.01M,n/a,Basic Industries,Mining & Quarrying of Nonmetallic Minerals (No Fuels),http://www.nasdaq.com/symbol/xra
FPP,FieldPoint Petroleum Corporation,0.3689,$3.94M,n/a,Energy,Oil & Gas Production,http://www.nasdaq.com/symbol/fpp
FPP.WS,FieldPoint Petroleum Corporation,n/a,n/a,n/a,n/a,n/a,http://www.nasdaq.com/symbol/fpp.ws
FEN,First Trust Energy Income and Growth Fund,25.91,$502.11M,2004,n/a,n/a,http://www.nasdaq.com/symbol/fen
BDL,"Flanigan&#39;s Enterprises, Inc.",27.05,$50.28M,n/a,Consumer Services,Restaurants,http://www.nasdaq.com/symbol/bdl
FSI,Flexible Solutions International Inc.,2.132,$24.43M,n/a,Basic Industries,Major Chemicals,http://www.nasdaq.com/symbol/fsi
FTF,Franklin Limited Duration Income Trust,12.07,$272.83M,2003,n/a,n/a,http://www.nasdaq.com/symbol/ftf
FSP,Franklin Street Properties Corp.,11.86,$1.27B,n/a,Consumer Services,Real Estate Investment Trusts,http://www.nasdaq.com/symbol/fsp
FRD,Friedman Industries Inc.,5.46,$38.27M,n/a,Capital Goods,Steel/Iron Ore,http://www.nasdaq.com/symbol/frd
GGN,"GAMCO Global Gold, Natural Reources & Income Trust ",5.67,$762.41M,2005,n/a,n/a,http://www.nasdaq.com/symbol/ggn
GGN^B,"GAMCO Global Gold, Natural Reources & Income Trust ",24.08,n/a,n/a,n/a,n/a,http://www.nasdaq.com/symbol/ggn^b
EGAS,Gas Natural Inc.,12.65,$133.07M,n/a,Public Utilities,Oil/Gas Transmission,http://www.nasdaq.com/symbol/egas
GST,Gastar Exploration Inc.,1.06,$224.62M,n/a,Energy,Oil & Gas Production,http://www.nasdaq.com/symbol/gst
GST^A,Gastar Exploration Inc.,19.4684,n/a,n/a,n/a,n/a,http://www.nasdaq.com/symbol/gst^a
GST^B,Gastar Exploration Inc.,21.98,n/a,n/a,n/a,n/a,http://www.nasdaq.com/symbol/gst^b
JOB,GEE Group Inc.,5.23,$51.67M,n/a,Technology,Diversified Commercial Services,http://www.nasdaq.com/symbol/job
GMO,"General Moly, Inc",0.3,$27.28M,n/a,Basic Industries,Precious Metals,http://www.nasdaq.com/symbol/gmo
GSB,"GlobalSCAPE, Inc.",4.6,$99.23M,n/a,Technology,Computer Software: Prepackaged Software,http://www.nasdaq.com/symbol/gsb
GSAT,"Globalstar, Inc.",2.06,$2.3B,2006,Consumer Services,Telecommunications Equipment,http://www.nasdaq.com/symbol/gsat
GLOW,"Glowpoint, Inc.",0.32,$11.69M,n/a,Public Utilities,Telecommunications Equipment,http://www.nasdaq.com/symbol/glow
GORO,Gold Resource Corporation,3.65,$207.47M,n/a,Basic Industries,Precious Metals,http://www.nasdaq.com/symbol/goro
GSV,Gold Standard Ventures Corporation,1.71,$380.98M,n/a,Basic Industries,Mining & Quarrying of Nonmetallic Minerals (No Fuels),http://www.nasdaq.com/symbol/gsv
AUMN,Golden Minerals Company,0.5592,$50.14M,n/a,Basic Industries,Precious Metals,http://www.nasdaq.com/symbol/aumn
GSS,"Golden Star Resources, Ltd",0.645,$242.63M,n/a,Basic Industries,Precious Metals,http://www.nasdaq.com/symbol/gss
GV,Goldfield Corporation (The),4.7,$119.62M,n/a,Basic Industries,Water Supply,http://www.nasdaq.com/symbol/gv
GDP,Goodrich Petroleum Corporation,11.75,$107.03M,2017,Energy,Oil & Gas Production,http://www.nasdaq.com/symbol/gdp
GTE,Gran Tierra Energy Inc.,2.31,$902.79M,n/a,Energy,Oil & Gas Production,http://www.nasdaq.com/symbol/gte
GPL,Great Panther Silver Limited,1.19,$199.78M,n/a,n/a,n/a,http://www.nasdaq.com/symbol/gpl
SIM,"Grupo Simec, S.A. de C.V.",9.96,$1.64B,1993,Basic Industries,Steel/Iron Ore,http://www.nasdaq.com/symbol/sim
GVP,"GSE Systems, Inc.",3.25,$62.35M,n/a,Technology,Computer Software: Prepackaged Software,http://www.nasdaq.com/symbol/gvp
HEB,"Hemispherx BioPharma, Inc.",0.5139,$13.66M,n/a,Health Care,Biotechnology: Biological Products (No Diagnostic Substances),http://www.nasdaq.com/symbol/heb
HLM^,Hillman Group Capital Trust,34.3725,n/a,n/a,n/a,n/a,http://www.nasdaq.com/symbol/hlm^
HMG,"HMG/Courtland Properties, Inc.",10.56,$10.59M,n/a,Consumer Services,Real Estate Investment Trusts,http://www.nasdaq.com/symbol/hmg
HUSA,Houston American Energy Corporation,0.5,$25.64M,n/a,Energy,Oil & Gas Production,http://www.nasdaq.com/symbol/husa
IBIO,"iBio, Inc.",0.385,$34.31M,n/a,Health Care,Major Pharmaceuticals,http://www.nasdaq.com/symbol/ibio
IBO,IBO (Listing Market - NYSE Amex Network B F),153.82,n/a,n/a,n/a,n/a,http://www.nasdaq.com/symbol/ibo
IEC,IEC Electronics Corp.,3.649,$37.65M,n/a,Technology,Electrical Products,http://www.nasdaq.com/symbol/iec
IMUC,"ImmunoCellular Therapeutics, Ltd.",1.17,$4.05M,n/a,Health Care,Major Pharmaceuticals,http://www.nasdaq.com/symbol/imuc
IMUC.WS,"ImmunoCellular Therapeutics, Ltd.",n/a,n/a,n/a,n/a,n/a,http://www.nasdaq.com/symbol/imuc.ws
IMH,"Impac Mortgage Holdings, Inc.",16.41,$342.33M,1997,Consumer Services,Real Estate Investment Trusts,http://www.nasdaq.com/symbol/imh
IMO,Imperial Oil Limited,28.06,$23.78B,n/a,Energy,Integrated oil Companies,http://www.nasdaq.com/symbol/imo
IOT,"Income Opportunity Realty Investors, Inc.",8.57,$35.72M,n/a,Consumer Services,Real Estate Investment Trusts,http://www.nasdaq.com/symbol/iot
IRT,"Independence Realty Trust, Inc.",9.96,$688.49M,2013,Consumer Services,Real Estate Investment Trusts,http://www.nasdaq.com/symbol/irt
IGC,India Globalization Capital Inc.,0.441,$10.7M,n/a,Consumer Non-Durables,Electronic Components,http://www.nasdaq.com/symbol/igc
INFU,"InfuSystems Holdings, Inc.",1.5,$34.13M,n/a,Health Care,Medical/Dental Instruments,http://www.nasdaq.com/symbol/infu
IHT,InnSuites Hospitality Trust,1.96,$19.1M,n/a,Consumer Services,Real Estate Investment Trusts,http://www.nasdaq.com/symbol/iht
NSPR,"InspireMD, Inc.",0.51,$3.79M,n/a,Health Care,Medical/Dental Instruments,http://www.nasdaq.com/symbol/nspr
NSPR.WS,"InspireMD, Inc.",n/a,n/a,n/a,n/a,n/a,http://www.nasdaq.com/symbol/nspr.ws
NSPR.WS.B,"InspireMD, Inc.",n/a,n/a,n/a,n/a,n/a,http://www.nasdaq.com/symbol/nspr.ws.b
IFMI,"Institutional Financial Markets, Inc.",1.23,$15.62M,n/a,Finance,Investment Bankers/Brokers/Service,http://www.nasdaq.com/symbol/ifmi
IDN,"Intellicheck, Inc.",4.2,$45.16M,1999,Technology,Computer Software: Prepackaged Software,http://www.nasdaq.com/symbol/idn
INS,Intelligent Systems Corporation,3.8233,$33.43M,1992,Technology,Computer Software: Prepackaged Software,http://www.nasdaq.com/symbol/ins
THM,International Tower Hill Mines Ltd,0.4675,$75.82M,n/a,Basic Industries,Precious Metals,http://www.nasdaq.com/symbol/thm
INTT,inTest Corporation,8.2,$85.3M,1997,Capital Goods,Electrical Products,http://www.nasdaq.com/symbol/intt
INUV,"Inuvo, Inc",1.1086,$31.64M,n/a,Consumer Services,Advertising,http://www.nasdaq.com/symbol/inuv
VKI,Invesco Advantage Municipal Income Trust II,11.58,$514.05M,n/a,n/a,n/a,http://www.nasdaq.com/symbol/vki
ISR,"IsoRay, Inc.",0.56,$30.81M,n/a,Health Care,Medical/Dental Instruments,http://www.nasdaq.com/symbol/isr
ISDR,Issuer Direct Corporation,12.7,$37.21M,n/a,Miscellaneous,Publishing,http://www.nasdaq.com/symbol/isdr
JRJR,"JRjr33, Inc.",0.5,$19.69M,2014,Consumer Services,Other Consumer Services,http://www.nasdaq.com/symbol/jrjr
KIQ,Kelso Technologies Inc,0.841,$39.45M,n/a,Capital Goods,Railroads,http://www.nasdaq.com/symbol/kiq
KLDX,Klondex Mines Ltd.,2.97,$526.64M,n/a,Basic Industries,Precious Metals,http://www.nasdaq.com/symbol/kldx
LTS,Ladenburg Thalmann Financial Services Inc,2.3,$450.53M,n/a,Finance,Investment Bankers/Brokers/Service,http://www.nasdaq.com/symbol/lts
LTS^A,Ladenburg Thalmann Financial Services Inc,25.43,n/a,n/a,n/a,n/a,http://www.nasdaq.com/symbol/lts^a
LAQ,"Latin America Equity Fund, Inc. (The)",23.409,$174.36M,1991,n/a,n/a,http://www.nasdaq.com/symbol/laq
LGL,"LGL Group, Inc. (The)",4.7097,$12.6M,n/a,Capital Goods,Industrial Machinery/Components,http://www.nasdaq.com/symbol/lgl
LBY,"Libbey, Inc.",8.51,$186.76M,1993,Capital Goods,Industrial Machinery/Components,http://www.nasdaq.com/symbol/lby
LLEX,"Lilis Energy, Inc.",5.13,$258.65M,n/a,Energy,Oil & Gas Production,http://www.nasdaq.com/symbol/llex
LIQT,"LiqTech International, Inc.",0.3936,$17.41M,n/a,Technology,Industrial Machinery/Components,http://www.nasdaq.com/symbol/liqt
MAG,MAG Silver Corporation,12.26,$990.07M,n/a,Basic Industries,Precious Metals,http://www.nasdaq.com/symbol/mag
MJCO,Majesco,5.07,$185.1M,2015,Technology,Computer Software: Prepackaged Software,http://www.nasdaq.com/symbol/mjco
MHH,"Mastech Digital, Inc",6.6,$29.69M,n/a,Consumer Services,Professional Services,http://www.nasdaq.com/symbol/mhh
MTNB,"Matinas Biopharma Holdings, Inc.",2.41,$220.27M,2017,Health Care,Major Pharmaceuticals,http://www.nasdaq.com/symbol/mtnb
IPB,"Merrill Lynch & Co., Inc.",27.1647,n/a,n/a,Finance,Finance: Consumer Services,http://www.nasdaq.com/symbol/ipb
MXC,Mexco Energy Corporation,4.4,$8.96M,n/a,Energy,Oil & Gas Production,http://www.nasdaq.com/symbol/mxc
CCA,MFS California Insured Municipal Trust,11.9899,$33.41M,1999,n/a,n/a,http://www.nasdaq.com/symbol/cca
MICR,"Micron Solutions, Inc.",4.02,$11.34M,n/a,Health Care,Biotechnology: Electromedical & Electrotherapeutic Apparatus,http://www.nasdaq.com/symbol/micr
MLSS,"Milestone Scientific, Inc.",1.35,$41.49M,2015,Health Care,Industrial Specialties,http://www.nasdaq.com/symbol/mlss
MVF,"MuniVest Fund, Inc.",9.79,$631.43M,n/a,n/a,n/a,http://www.nasdaq.com/symbol/mvf
MZA,"MuniYield Arizona Fund, Inc.",15.57,$71.91M,1993,n/a,n/a,http://www.nasdaq.com/symbol/mza
NNVC,"NanoViricides, Inc.",1.3,$81.99M,n/a,Health Care,Biotechnology: Commercial Physical & Biological Resarch,http://www.nasdaq.com/symbol/nnvc
ATEST,NASDAQ TEST STOCK,24.8,n/a,n/a,n/a,n/a,http://www.nasdaq.com/symbol/atest
ATEST.A,NASDAQ TEST STOCK,n/a,n/a,n/a,n/a,n/a,http://www.nasdaq.com/symbol/atest.a
ATEST.B,NASDAQ TEST STOCK,n/a,n/a,n/a,n/a,n/a,http://www.nasdaq.com/symbol/atest.b
ATEST.C,NASDAQ TEST STOCK,n/a,n/a,n/a,n/a,n/a,http://www.nasdaq.com/symbol/atest.c
NHC,National HealthCare Corporation,70.91,$1.08B,n/a,Health Care,Hospital/Nursing Management,http://www.nasdaq.com/symbol/nhc
NAVB,"Navidea Biopharmaceuticals, Inc.",0.48,$77.71M,n/a,Health Care,Biotechnology: In Vitro & In Vivo Diagnostic Substances,http://www.nasdaq.com/symbol/navb
NTIP,"Network-1 Technologies, Inc.",4.4,$107.05M,n/a,Technology,Computer Software: Prepackaged Software,http://www.nasdaq.com/symbol/ntip
NBW,Neuberger Berman California Intermediate Municipal Fund Inc.,14.27,$79.13M,2002,n/a,n/a,http://www.nasdaq.com/symbol/nbw
NHS,Neuberger Berman High Yield Strategies Fund,12.025,$234.98M,n/a,n/a,n/a,http://www.nasdaq.com/symbol/nhs
NBH,Neuberger Berman Intermediate Municipal Fund Inc.,15.48,$290.87M,2002,n/a,n/a,http://www.nasdaq.com/symbol/nbh
NML,Neuberger Berman MLP Income Fund Inc.,9.51,$538.83M,2013,n/a,n/a,http://www.nasdaq.com/symbol/nml
NBO,Neuberger Berman New York Intermediate Municipal Fund Inc.,12.78,$64.88M,2002,n/a,n/a,http://www.nasdaq.com/symbol/nbo
NRO,"Neuberger Berman Real Estate Securities Income Fund, Inc.",5.3,$251.32M,2003,n/a,n/a,http://www.nasdaq.com/symbol/nro
UWN,"Nevada Gold & Casinos, Inc.",2.53,$44.49M,n/a,Consumer Services,Services-Misc. Amusement & Recreation,http://www.nasdaq.com/symbol/uwn
NSU,Nevsun Resources Ltd,2.42,$730.78M,n/a,Basic Industries,Precious Metals,http://www.nasdaq.com/symbol/nsu
GBR,"New Concept Energy, Inc",1.4,$2.73M,n/a,Energy,Oil & Gas Production,http://www.nasdaq.com/symbol/gbr
NEN,New England Realty Associates Limited Partnership,70,$261.21M,n/a,Consumer Services,Building operators,http://www.nasdaq.com/symbol/nen
NGD,New Gold Inc.,2.92,$1.68B,n/a,Basic Industries,Precious Metals,http://www.nasdaq.com/symbol/ngd
NXE,Nexgen Energy Ltd.,2.19,$671.34M,n/a,Basic Industries,Precious Metals,http://www.nasdaq.com/symbol/nxe
HLTH,Nobilis Health Corp.,2,$155.61M,2015,Health Care,Hospital/Nursing Management,http://www.nasdaq.com/symbol/hlth
NSAT,Norsat International Inc.,11.15,$65.21M,n/a,Capital Goods,Industrial Machinery/Components,http://www.nasdaq.com/symbol/nsat
NAK,"Northern Dynasty Minerals, Ltd.",1.53,$457.24M,n/a,Basic Industries,Precious Metals,http://www.nasdaq.com/symbol/nak
NOG,"Northern Oil and Gas, Inc.",1.6,$101.32M,n/a,Energy,Oil & Gas Production,http://www.nasdaq.com/symbol/nog
NBY,"NovaBay Pharmaceuticals, Inc.",2.4,$36.74M,2007,Health Care,Major Pharmaceuticals,http://www.nasdaq.com/symbol/nby
NG,Novagold Resources Inc.,4.05,$1.3B,n/a,Basic Industries,Precious Metals,http://www.nasdaq.com/symbol/ng
NTN,"NTN Buzztime, Inc.",6.77,$17.02M,n/a,Consumer Services,Broadcasting,http://www.nasdaq.com/symbol/ntn
NJV,Nuveen New Jersey Municipal Value Fund,15,$23.27M,n/a,n/a,n/a,http://www.nasdaq.com/symbol/njv
NPN,Nuveen Pennsylvania Municipal Value Fund,15.4,$18.81M,2009,n/a,n/a,http://www.nasdaq.com/symbol/npn
OCX,OncoCyte Corporation,5.65,$165.93M,2015,Health Care,Biotechnology: In Vitro & In Vivo Diagnostic Substances,http://www.nasdaq.com/symbol/ocx
OGEN,"Oragenics, Inc.",0.4603,$22.68M,n/a,Health Care,Major Pharmaceuticals,http://www.nasdaq.com/symbol/ogen
TIS,Orchids Paper Products Company,13.7,$141.15M,2005,Basic Industries,Paper,http://www.nasdaq.com/symbol/tis
ONP,"Orient Paper, Inc.",1.0499,$22.52M,n/a,Consumer Durables,Containers/Packaging,http://www.nasdaq.com/symbol/onp
ORM,"Owens Realty Mortgage, Inc.",17.02,$174.41M,2013,Consumer Services,Real Estate Investment Trusts,http://www.nasdaq.com/symbol/orm
PHF,"Pacholder High Yield Fund, Inc.",7.97,$103.58M,n/a,n/a,n/a,http://www.nasdaq.com/symbol/phf
PCG^A,Pacific Gas & Electric Co.,32.722,n/a,n/a,n/a,n/a,http://www.nasdaq.com/symbol/pcg^a
PCG^B,Pacific Gas & Electric Co.,28.58,n/a,n/a,n/a,n/a,http://www.nasdaq.com/symbol/pcg^b
PCG^C,Pacific Gas & Electric Co.,26.06,n/a,n/a,n/a,n/a,http://www.nasdaq.com/symbol/pcg^c
PCG^D,Pacific Gas & Electric Co.,26.42,n/a,n/a,n/a,n/a,http://www.nasdaq.com/symbol/pcg^d
PCG^E,Pacific Gas & Electric Co.,26.1903,n/a,n/a,n/a,n/a,http://www.nasdaq.com/symbol/pcg^e
PCG^G,Pacific Gas & Electric Co.,26,n/a,n/a,n/a,n/a,http://www.nasdaq.com/symbol/pcg^g
PCG^H,Pacific Gas & Electric Co.,25,n/a,n/a,n/a,n/a,http://www.nasdaq.com/symbol/pcg^h
PCG^I,Pacific Gas & Electric Co.,25,n/a,n/a,n/a,n/a,http://www.nasdaq.com/symbol/pcg^i
PTN,"Palatin Technologies, Inc.",0.38,$58.06M,n/a,Health Care,Major Pharmaceuticals,http://www.nasdaq.com/symbol/ptn
PARR,"Par Pacific Holdings, Inc.",16.95,$776.15M,n/a,Energy,Oil & Gas Production,http://www.nasdaq.com/symbol/parr
PZG,Paramount Gold Nevada Corp.,1.57,$27.91M,2015,Basic Industries,Precious Metals,http://www.nasdaq.com/symbol/pzg
TEUM,Pareteum Corporation,0.71,$9.19M,n/a,Technology,EDP Services,http://www.nasdaq.com/symbol/teum
PRK,Park National Corporation,103.74,$1.59B,n/a,Finance,Major Banks,http://www.nasdaq.com/symbol/prk
PED,Pedevco Corp.,0.6,$3.3M,n/a,Energy,Oil & Gas Production,http://www.nasdaq.com/symbol/ped
PFNX,Pfenex Inc.,4.29,$100.62M,2014,Health Care,Major Pharmaceuticals,http://www.nasdaq.com/symbol/pfnx
HNW,Pioneer Diversified High Income Trust,16.645,$138.7M,2007,n/a,n/a,http://www.nasdaq.com/symbol/hnw
PLG,Platinum Group Metals Ltd.,1.1179,$165.96M,n/a,Basic Industries,Precious Metals,http://www.nasdaq.com/symbol/plg
PLM,Polymet Mining Corp.,0.6547,$208.55M,n/a,Basic Industries,Precious Metals,http://www.nasdaq.com/symbol/plm
PW,Power REIT,7,$12.49M,n/a,Consumer Services,Real Estate Investment Trusts,http://www.nasdaq.com/symbol/pw
PW^A,Power REIT,26.1,n/a,n/a,n/a,n/a,http://www.nasdaq.com/symbol/pw^a
PLX,"Protalix BioTherapeutics, Inc.",0.9253,$117.05M,n/a,Health Care,Biotechnology: Biological Products (No Diagnostic Substances),http://www.nasdaq.com/symbol/plx
RLGT,"Radiant Logistics, Inc.",6.24,$305.05M,n/a,Transportation,Oil Refining/Marketing,http://www.nasdaq.com/symbol/rlgt
RLGT^A,"Radiant Logistics, Inc.",27.27,n/a,n/a,n/a,n/a,http://www.nasdaq.com/symbol/rlgt^a
UTG,Reaves Utility Income Fund,35.85,$1.23B,2004,n/a,n/a,http://www.nasdaq.com/symbol/utg
REED,"Reeds, Inc.",3.15,$44.04M,n/a,Consumer Non-Durables,Beverages (Production/Distribution),http://www.nasdaq.com/symbol/reed
RWC,RELM Wireless Corporation,4.5,$62.3M,n/a,Technology,Radio And Television Broadcasting And Communications Equipment,http://www.nasdaq.com/symbol/rwc
RCG,"RENN Fund, Inc.",1.25,$5.58M,n/a,n/a,n/a,http://www.nasdaq.com/symbol/rcg
RVP,"Retractable Technologies, Inc.",1.11,$35.15M,n/a,Health Care,Medical/Dental Instruments,http://www.nasdaq.com/symbol/rvp
RNN,"Rexahn Pharmaceuticals, Inc.",4.19,$106.43M,n/a,Health Care,Major Pharmaceuticals,http://www.nasdaq.com/symbol/rnn
REI,"Ring Energy, Inc.",13.01,$639.66M,n/a,Energy,Oil & Gas Production,http://www.nasdaq.com/symbol/rei
RIF,RMR Real Estate Income Fund,21.43,$163.97M,n/a,n/a,n/a,http://www.nasdaq.com/symbol/rif
SACH,Sachem Capital Corp.,5,$55.52M,2017,Consumer Services,Real Estate Investment Trusts,http://www.nasdaq.com/symbol/sach
SGA,"Saga Communications, Inc.",49.45,$292.18M,n/a,Consumer Services,Broadcasting,http://www.nasdaq.com/symbol/sga
SSN,Samson Oil & Gas Limited,0.58,$9.52M,n/a,Energy,Oil & Gas Production,http://www.nasdaq.com/symbol/ssn
SPP,Sanchez Production Partners LP,14,$199.95M,n/a,Energy,Oil & Gas Production,http://www.nasdaq.com/symbol/spp
SAND          ,Sandstorm Gold Ltd,3.45,$524.38M,n/a,Basic Industries,Precious Metals,http://www.nasdaq.com/symbol/sand
SEB,Seaboard Corporation,4128,$4.83B,1996,Finance,Investment Bankers/Brokers/Service,http://www.nasdaq.com/symbol/seb
SENS,"Senseonics Holdings, Inc.",1.5,$141.15M,n/a,Capital Goods,Industrial Machinery/Components,http://www.nasdaq.com/symbol/sens
SVT,"Servotronics, Inc.",9.5,$23.13M,n/a,Capital Goods,Industrial Machinery/Components,http://www.nasdaq.com/symbol/svt
SIF,"SIFCO Industries, Inc.",7.4736,$41.84M,n/a,Capital Goods,Aerospace,http://www.nasdaq.com/symbol/sif
SVM,Silvercorp Metals Inc.,2.87,$481.84M,n/a,Basic Industries,Precious Metals,http://www.nasdaq.com/symbol/svm
SKY,Skyline Corporation,5.64,$47.33M,n/a,Basic Industries,Homebuilding,http://www.nasdaq.com/symbol/sky
XPL,Solitario Exploration & Royalty Corp,0.67,$25.92M,n/a,Basic Industries,Precious Metals,http://www.nasdaq.com/symbol/xpl
SCE^B,Southern California Edison Company,23.986,n/a,n/a,n/a,n/a,http://www.nasdaq.com/symbol/sce^b
SCE^C,Southern California Edison Company,24.28,n/a,n/a,n/a,n/a,http://www.nasdaq.com/symbol/sce^c
SCE^D,Southern California Edison Company,25.6299,n/a,n/a,n/a,n/a,http://www.nasdaq.com/symbol/sce^d
SCE^E,Southern California Edison Company,25.17,n/a,n/a,n/a,n/a,http://www.nasdaq.com/symbol/sce^e
SGB,Southwest Georgia Financial Corporation,20.58,$52.43M,n/a,Finance,Major Banks,http://www.nasdaq.com/symbol/sgb
LOV,"Spark Networks, Inc.",0.9942,$31.91M,n/a,Miscellaneous,Business Services,http://www.nasdaq.com/symbol/lov
SRCI,SRC Energy Inc.,6.86,$1.38B,n/a,Energy,Oil & Gas Production,http://www.nasdaq.com/symbol/srci
SGY.WS,Stone Energy Corporation,n/a,n/a,n/a,n/a,n/a,http://www.nasdaq.com/symbol/sgy.ws
STRP,Straight Path Communications Inc.,180.2,$2.3B,2013,Public Utilities,Telecommunications Equipment,http://www.nasdaq.com/symbol/strp
SSY,"SunLink Health Systems, Inc.",1.66,$15.21M,n/a,Health Care,Hospital/Nursing Management,http://www.nasdaq.com/symbol/ssy
SDPI,"Superior Drilling Products, Inc.",0.77,$18.63M,2014,Energy,Metal Fabrications,http://www.nasdaq.com/symbol/sdpi
STS,"Supreme Industries, Inc.",17.16,$294.4M,n/a,Capital Goods,Construction/Ag Equipment/Trucks,http://www.nasdaq.com/symbol/sts
SYN,"Synthetic Biologics, Inc",0.6751,$82.29M,n/a,Health Care,Major Pharmaceuticals,http://www.nasdaq.com/symbol/syn
TKAT,"Takung Art Co., Ltd.",6.2,$69.37M,n/a,Consumer Services,Other Specialty Stores,http://www.nasdaq.com/symbol/tkat
TRX,Tanzanian Royalty Exploration Corporation,0.4723,$56.14M,n/a,Basic Industries,Precious Metals,http://www.nasdaq.com/symbol/trx
TGB,Taseko Mines Limited,1.25,$282.68M,n/a,Basic Industries,Precious Metals,http://www.nasdaq.com/symbol/tgb
TIK,Tel-Instrument Electronics Corp.,4.5981,$14.97M,n/a,Capital Goods,Electrical Products,http://www.nasdaq.com/symbol/tik
TGC,"Tengasco, Inc.",0.67,$7.11M,n/a,Energy,Oil & Gas Production,http://www.nasdaq.com/symbol/tgc
GLU,The Gabelli Global Utility and Income Trust,20.1301,$82.76M,2004,n/a,n/a,http://www.nasdaq.com/symbol/glu
GLU^A,The Gabelli Global Utility and Income Trust,51.18,n/a,n/a,n/a,n/a,http://www.nasdaq.com/symbol/glu^a
GGO,The Gabelli Go Anywhere Trust,17,$27.37M,2016,n/a,n/a,http://www.nasdaq.com/symbol/ggo
GGO^A,The Gabelli Go Anywhere Trust,44.11,n/a,n/a,n/a,n/a,http://www.nasdaq.com/symbol/ggo^a
TXMD,"TherapeuticsMD, Inc.",4.61,$940.1M,n/a,Health Care,Major Pharmaceuticals,http://www.nasdaq.com/symbol/txmd
TMP,Tompkins Financial Corporation,78.08,$1.19B,n/a,Finance,Major Banks,http://www.nasdaq.com/symbol/tmp
TAT,Transatlantic Petroleum Ltd,1.28,$60.59M,n/a,Energy,Oil & Gas Production,http://www.nasdaq.com/symbol/tat
TRXC,"TransEnterix, Inc.",0.5404,$80.27M,n/a,Health Care,Medical/Dental Instruments,http://www.nasdaq.com/symbol/trxc
TMQ,Trilogy Metals Inc.,0.64,$67.55M,n/a,Basic Industries,Precious Metals,http://www.nasdaq.com/symbol/tmq
TPHS,Trinity Place Holdings Inc.,6.96,$218.73M,n/a,Consumer Services,Building operators,http://www.nasdaq.com/symbol/tphs
TRT,Trio-Tech International,5.15,$18.14M,n/a,Technology,Industrial Machinery/Components,http://www.nasdaq.com/symbol/trt
HTM,U.S. Geothermal Inc.,3.9,$74.25M,n/a,Public Utilities,Electric Utilities: Central,http://www.nasdaq.com/symbol/htm
UFAB,"Unique Fabricating, Inc.",10.05,$98.04M,2015,Capital Goods,Auto Parts:O.E.M.,http://www.nasdaq.com/symbol/ufab
UAMY,United States Antimony Corporation,0.45,$30.23M,n/a,Capital Goods,Metal Fabrications,http://www.nasdaq.com/symbol/uamy
UUU,"Universal Security Instruments, Inc.",3,$6.94M,n/a,Consumer Non-Durables,Electronic Components,http://www.nasdaq.com/symbol/uuu
UQM,UQM TECHNOLOGIES INC,0.78,$37.89M,n/a,Capital Goods,Industrial Machinery/Components,http://www.nasdaq.com/symbol/uqm
URG,Ur Energy Inc,0.549,$80.08M,n/a,Basic Industries,Precious Metals,http://www.nasdaq.com/symbol/urg
UEC,Uranium Energy Corp.,1.32,$182.73M,n/a,Basic Industries,Precious Metals,http://www.nasdaq.com/symbol/uec
VSR,"Versar, Inc.",1.38,$13.73M,1986,Consumer Services,Military/Government/Technical,http://www.nasdaq.com/symbol/vsr
VII,"Vicon Industries, Inc.",0.5416,$5.06M,n/a,Consumer Durables,Telecommunications Equipment,http://www.nasdaq.com/symbol/vii
VHC,VirnetX Holding Corp,3.85,$223.86M,n/a,Miscellaneous,Multi-Sector Companies,http://www.nasdaq.com/symbol/vhc
VGZ,Vista Gold Corporation,0.92,$90.34M,n/a,Basic Industries,Precious Metals,http://www.nasdaq.com/symbol/vgz
VNRX,VolitionRX Limited,3.43,$90.42M,2015,Health Care,Biotechnology: In Vitro & In Vivo Diagnostic Substances,http://www.nasdaq.com/symbol/vnrx
VISI,"Volt Information Sciences, Inc.",5.85,$122.37M,n/a,Technology,Professional Services,http://www.nasdaq.com/symbol/visi
EAD,Wells Fargo Income Opportunities Fund,8.65,$613.34M,2003,n/a,n/a,http://www.nasdaq.com/symbol/ead
ERC,Wells Fargo Multi-Sector Income Fund,13.41,$468.54M,2003,n/a,n/a,http://www.nasdaq.com/symbol/erc
ERH,Wells Fargo Utilities and High Income Fund,13.2999,$122.95M,2004,n/a,n/a,http://www.nasdaq.com/symbol/erh
SBI,Western Asset Intermediate Muni Fund Inc,9.96,$140.26M,1992,n/a,n/a,http://www.nasdaq.com/symbol/sbi
WRN,Western Copper and Gold Corporation,1.0379,$98.69M,2011,Basic Industries,Precious Metals,http://www.nasdaq.com/symbol/wrn
WYY,WidePoint Corporation,0.44,$36.45M,n/a,Technology,EDP Services,http://www.nasdaq.com/symbol/wyy
WTT,"Wireless Telecom Group,  Inc.",1.62,$36.11M,n/a,Capital Goods,Electrical Products,http://www.nasdaq.com/symbol/wtt
XTNT,"Xtant Medical Holdings, Inc.",0.6,$10.86M,n/a,Health Care,Biotechnology: Biological Products (No Diagnostic Substances),http://www.nasdaq.com/symbol/xtnt
YUMA,"Yuma Energy, Inc.",1.61,$20.19M,n/a,Energy,Oil & Gas Production,http://www.nasdaq.com/symbol/yuma
ZDGE,"Zedge, Inc.",2.92,$28.16M,2016,Technology,Computer Software: Prepackaged Software,http://www.nasdaq.com/symbol/zdge
